{
    "building_structure": [
        "框架结构",
        "钢混结构",
        "钢结构",
        "其他",
        "简易结构",
        "砖混结构",
        "框筒结构",
        "砖木结构",
        "框剪结构"
    ],
    "intent_use_type": [
        "办公",
        "其他",
        "住宅",
        "临时建筑",
        "综合",
        "商住",
        "仓库",
        "商业",
        "厂房",
        "其它"
    ],
    "use_state": [
        "部分出租",
        "自用",
        "其他",
        "已租",
        "空置",
        "正招租",
        "其它",
        "住宅",
        "商住",
        "正在招租",
        "出租",
        "仓库"
    ],
    "usage": [
        "办公",
        "其他",
        "住宅",
        "综合",
        "仓库",
        "公共设施",
        "商住",
        "商业",
        "厂房",
        "厂房配套设施",
        "纯三小场所建筑",
        "其它",
        "自用",
        "仓房"
    ],
    "stairs_type": [
        "扶手",
        "升降"
    ],
    "construction_status": [
        "已竣工",
        "停建",
        "在建"
    ],
    "label": [
        "结构改动楼栋",
        "科技园区楼栋",
        "文创园区",
        "高层楼宇",
        "上部结构隐患房屋",
        "存放使用火灾危险性物品楼栋",
        "逃生门窗不合格楼栋",
        "其他",
        "消防卷盘不完好楼栋",
        "出租楼栋",
        "防火分隔不符合要求楼栋",
        "工业园区楼栋",
        "电气线路私拉乱接楼栋",
        "学校",
        "砖土瓦房",
        "出租屋使用不合格楼栋",
        "公共设施",
        "地基基础隐患楼栋",
        "厂房",
        "框架",
        "电气线路不符合楼栋",
        "三星级安全文明楼栋",
        "文体旅游",
        "住宅楼栋",
        "违法",
        "超高层楼宇",
        "城中村楼栋",
        "商住楼栋",
        "空置楼栋",
        "两规",
        "小高层楼宇",
        "剪力墙",
        "部分出租楼栋",
        "砖混",
        "安全出口不符合要求楼栋",
        "个人自建房",
        "别墅",
        "四星级安全文明楼栋",
        "安全疏散不符合要求楼栋",
        "平房",
        "二星级安全文明楼栋",
        "外围护结构及附属结构隐患楼栋",
        "场址隐患房屋",
        "楼房",
        "中高层楼宇",
        "扩建楼栋",
        "五星级安全文明楼栋",
        "集体自建房",
        "物流园",
        "非自建房",
        "其他使用用途楼栋",
        "加建楼栋",
        "电动车管理安全不合格楼栋",
        "合法",
        "单位自建房",
        "加改扩建楼栋",
        "老屋祖屋",
        "一星级安全文明楼栋",
        "排架",
        "特殊类建筑",
        "钢结构",
        "灭火器不完好楼栋",
        "木结构",
        "商业楼栋",
        "值班管理不合格楼栋",
        "多层建筑",
        "自用楼栋",
        "纯三小场所",
        "燃气使用不合格楼栋",
        "地基基础隐患房屋",
        "办公楼栋",
        "外围护结构及附属结构隐患房屋",
        "卫生医疗",
        "设置基本消防设施不合格楼栋",
        "仓库",
        "灭失",
        "用途不合格楼栋"
    ]
}